3,EMAN, Old Amount=10000, Withdraw Amount=900, New balance=9100, Transaction Number:1, DateAndTime:Fri 09-Oct-2020 11:40:24
3,EMAN, Old Amount=9100, Withdraw Amount=400, New balance=8700, Transaction Number:2, DateAndTime:Fri 09-Oct-2020 11:43:58
3,EMAN, Old Amount=8700, Withdraw Amount=1000, New balance=7700, Transaction Number:3, DateAndTime:Fri 09-Oct-2020 11:47:30
3,EMAN, Old Amount=7700, Withdraw Amount=4500, New balance=3200, Transaction Number:4, DateAndTime:Fri 09-Oct-2020 12:01:16
3,EMAN, Old Amount=3200, Deposit Amount=5000, New balance=8200, Transaction Number:5, DateAndTime:Fri 09-Oct-2020 12:01:38
2,AYESHA, Old Amount=228429, New balance=278429, Transaction Number:0, Sender Name: MUHAMMAD SAQIB, Amount: 50000, DateAndTime:Fri 09-Oct-2020 13:30:04
2,AYESHA, Old Amount=278429, New balance=283529, Transaction Number:0, Sender Name: MUHAMMAD SAQIB, Amount: 5100, DateAndTime:Fri 09-Oct-2020 16:58:01
2, AYESHA, Old Amount=20000, New balance=10000, Transaction Number:1, Reciver Name: MUHAMMAD SAQIB, Amount: 10000, DateAndTime:Sat 10-Oct-2020 17:36:11
2, AYESHA, Old Amount=20000, New balance=15500, Transaction Number:1, Reciver Name: MOIZ, Amount: 4500, DateAndTime:Sat 10-Oct-2020 18:01:06
